variedad;prod_maestro
SKYLER SPLASH WHITE;VERONICA
VINCENTS CHOICE;SUNFLOWER
GOLDEN GLORY YELLOW;SOLIDAGO
SUNRICH GOLD;SUNFLOWER
SKYLER SPLASH PINK;VERONICA
SKYLER SPLASH BLUE;VERONICA
SKYLER PINK;VERONICA
BABY BLUE;EUCALIPTO
MAGICAL ROYAL PRINCESS;HYPERICUM
MAGICAL CHERRY;HYPERICUM
MAGICAL SNOW PRINCE;HYPERICUM
MAGICAL RENATA GREEN;HYPERICUM
MAGICAL MAJESTIC PINK;HYPERICUM
MAGICAL RED WINE;HYPERICUM
MAGICAL TRIUMPH;HYPERICUM
MAGICAL CREAM;HYPERICUM
SKYLER WHITE IMPROVED;VERONICA
SKYLER BLUE;VERONICA
17091;HYPERICUM
19114-01;HYPERICUM
17020-91;HYPERICUM
18039-12;HYPERICUM
17079-12;HYPERICUM
17088-52;HYPERICUM
COD-S/N;HYPERICUM
19089-11;HYPERICUM
19088-03;HYPERICUM
20105-03;HYPERICUM
20099-04;HYPERICUM
18125-03;HYPERICUM
17079-11;HYPERICUM
18125-03;HYPERICUM
VICIA-AVENA;VICIA
MOSTAZA CALIENTE;MOSTAZA
H20-9-11;HYPERICUM
H21-12-4;HYPERICUM
H19088-03;HYPERICUM
H20105-03;HYPERICUM
H21-117-1;HYPERICUM
H20-13-7;HYPERICUM
H21-67-3;HYPERICUM
H21-68-7;HYPERICUM
H21-13-2;HYPERICUM
H20-9-21;HYPERICUM
H20-14-7;HYPERICUM
H12-117-1;HYPERICUM
ROYAL RED;HYPERICUM
RED SEWEL;HYPERICUM
UNICORN;RUMEX
COD-488;HYPERICUM
ROMANTIC GLORY;SOLIDAGO
H2;SUNFLOWER
H10;SUNFLOWER
PRIMAVERA;ASTER
LIZ;ASTER
GUNNII;EUCALIPTO
XLENCE;GYPSOPHILA
PARVIFOLIA;EUCALIPTO